{
  "Horizontal Spacing" : 1,
  "Tags" : [

  ],
  "Ansi 12 Color" : {
    "Green Component" : 0.66586130857467651,
    "Blue Component" : 0.87653261423110962,
    "Red Component" : 0
  },
  "Ansi 7 Color" : {
    "Green Component" : 0.49051627516746521,
    "Blue Component" : 0.45895043015480042,
    "Red Component" : 0.39374804496765137
  },
  "Draw Powerline Glyphs" : true,
  "Bold Color" : {
    "Green Component" : 0.98039215803146362,
    "Blue Component" : 0.52793002128601074,
    "Red Component" : 0.47750943899154663
  },
  "Ansi 8 Color" : {
    "Green Component" : 0.2821471291866029,
    "Blue Component" : 0.068946248255716866,
    "Red Component" : 0.23631863676322903
  },
  "Ansi 9 Color" : {
    "Green Component" : 0.50299710035324097,
    "Blue Component" : 0.033469859510660172,
    "Red Component" : 0.87685030698776245
  },
  "Ansi 4 Color" : {
    "Green Component" : 0.41409432888031006,
    "Blue Component" : 0.49917763471603394,
    "Red Component" : 0.18512687087059021
  },
  "Rows" : 25,
  "Default Bookmark" : "No",
  "Ansi 5 Color" : {
    "Green Component" : 0.34474095931608983,
    "Blue Component" : 0.4961872009569378,
    "Red Component" : 0.27977499667788136
  },
  "Cursor Guide Color" : {
    "Red Component" : 0.70213186740875244,
    "Color Space" : "sRGB",
    "Blue Component" : 1,
    "Alpha Component" : 0.25,
    "Green Component" : 0.9268307089805603
  },
  "Non-ASCII Anti Aliased" : true,
  "Use Bright Bold" : true,
  "Ansi 10 Color" : {
    "Green Component" : 0.87881278991699219,
    "Blue Component" : 0.00052756658988073468,
    "Red Component" : 0.096005953848361969
  },
  "Ambiguous Double Width" : false,
  "Jobs to Ignore" : [
    "rlogin",
    "ssh",
    "slogin",
    "telnet"
  ],
  "Ansi 15 Color" : {
    "Green Component" : 0.97969973087310791,
    "Blue Component" : 0.56859564781188965,
    "Red Component" : 0.45111823081970215
  },
  "Foreground Color" : {
    "Green Component" : 0.49058133363723755,
    "Blue Component" : 0.4589446485042572,
    "Red Component" : 0.3899540901184082
  },
  "Working Directory" : "\/Users\/xalmax",
  "Blinking Cursor" : false,
  "Disable Window Resizing" : true,
  "Sync Title" : false,
  "Prompt Before Closing 2" : false,
  "BM Growl" : true,
  "Mouse Reporting" : true,
  "Command" : "",
  "Description" : "Default",
  "Screen" : -1,
  "Selection Color" : {
    "Green Component" : 0.25330817699432373,
    "Blue Component" : 0.14524808526039124,
    "Red Component" : 0.11556437611579895
  },
  "Only The Default BG Color Uses Transparency" : true,
  "Columns" : 80,
  "Idle Code" : 0,
  "Ansi 13 Color" : {
    "Green Component" : 0.34574329853057861,
    "Blue Component" : 0.87675690650939941,
    "Red Component" : 0
  },
  "Title Components" : 3,
  "Custom Command" : "No",
  "ASCII Anti Aliased" : true,
  "Non Ascii Font" : "Monaco 12",
  "Vertical Spacing" : 1,
  "Use Bold Font" : true,
  "Option Key Sends" : 0,
  "Selected Text Color" : {
    "Green Component" : 0.97969973087310791,
    "Blue Component" : 0.56859564781188965,
    "Red Component" : 0.45111823081970215
  },
  "Background Color" : {
    "Green Component" : 0.087918661534786224,
    "Blue Component" : 0.062255363911390305,
    "Red Component" : 0.059741612523794174
  },
  "Character Encoding" : 4,
  "Ansi 11 Color" : {
    "Green Component" : 0.87965387105941772,
    "Blue Component" : 0.00071674532955512404,
    "Red Component" : 0.74222016334533691
  },
  "Use Italic Font" : true,
  "Unlimited Scrollback" : false,
  "Keyboard Map" : {
    "0xf700-0x260000" : {
      "Action" : 10,
      "Text" : "[1;6A"
    },
    "0x37-0x40000" : {
      "Action" : 11,
      "Text" : "0x1f"
    },
    "0x32-0x40000" : {
      "Action" : 11,
      "Text" : "0x00"
    },
    "0xf709-0x20000" : {
      "Action" : 10,
      "Text" : "[17;2~"
    },
    "0xf70c-0x20000" : {
      "Action" : 10,
      "Text" : "[20;2~"
    },
    "0xf729-0x20000" : {
      "Action" : 10,
      "Text" : "[1;2H"
    },
    "0xf72b-0x40000" : {
      "Action" : 10,
      "Text" : "[1;5F"
    },
    "0xf705-0x20000" : {
      "Action" : 10,
      "Text" : "[1;2Q"
    },
    "0xf703-0x260000" : {
      "Action" : 10,
      "Text" : "[1;6C"
    },
    "0xf700-0x220000" : {
      "Action" : 10,
      "Text" : "[1;2A"
    },
    "0xf701-0x280000" : {
      "Action" : 11,
      "Text" : "0x1b 0x1b 0x5b 0x42"
    },
    "0x38-0x40000" : {
      "Action" : 11,
      "Text" : "0x7f"
    },
    "0x33-0x40000" : {
      "Action" : 11,
      "Text" : "0x1b"
    },
    "0xf703-0x220000" : {
      "Action" : 10,
      "Text" : "[1;2C"
    },
    "0xf701-0x240000" : {
      "Action" : 10,
      "Text" : "[1;5B"
    },
    "0xf70d-0x20000" : {
      "Action" : 10,
      "Text" : "[21;2~"
    },
    "0xf702-0x260000" : {
      "Action" : 10,
      "Text" : "[1;6D"
    },
    "0xf729-0x40000" : {
      "Action" : 10,
      "Text" : "[1;5H"
    },
    "0xf706-0x20000" : {
      "Action" : 10,
      "Text" : "[1;2R"
    },
    "0x34-0x40000" : {
      "Action" : 11,
      "Text" : "0x1c"
    },
    "0xf700-0x280000" : {
      "Action" : 11,
      "Text" : "0x1b 0x1b 0x5b 0x41"
    },
    "0x2d-0x40000" : {
      "Action" : 11,
      "Text" : "0x1f"
    },
    "0xf70e-0x20000" : {
      "Action" : 10,
      "Text" : "[23;2~"
    },
    "0xf702-0x220000" : {
      "Action" : 10,
      "Text" : "[1;2D"
    },
    "0xf703-0x280000" : {
      "Action" : 11,
      "Text" : "0x1b 0x1b 0x5b 0x43"
    },
    "0xf700-0x240000" : {
      "Action" : 10,
      "Text" : "[1;5A"
    },
    "0xf707-0x20000" : {
      "Action" : 10,
      "Text" : "[1;2S"
    },
    "0xf70a-0x20000" : {
      "Action" : 10,
      "Text" : "[18;2~"
    },
    "0x35-0x40000" : {
      "Action" : 11,
      "Text" : "0x1d"
    },
    "0xf70f-0x20000" : {
      "Action" : 10,
      "Text" : "[24;2~"
    },
    "0xf703-0x240000" : {
      "Action" : 10,
      "Text" : "[1;5C"
    },
    "0xf701-0x260000" : {
      "Action" : 10,
      "Text" : "[1;6B"
    },
    "0xf702-0x280000" : {
      "Action" : 11,
      "Text" : "0x1b 0x1b 0x5b 0x44"
    },
    "0xf72b-0x20000" : {
      "Action" : 10,
      "Text" : "[1;2F"
    },
    "0x36-0x40000" : {
      "Action" : 11,
      "Text" : "0x1e"
    },
    "0xf708-0x20000" : {
      "Action" : 10,
      "Text" : "[15;2~"
    },
    "0xf701-0x220000" : {
      "Action" : 10,
      "Text" : "[1;2B"
    },
    "0xf70b-0x20000" : {
      "Action" : 10,
      "Text" : "[19;2~"
    },
    "0xf702-0x240000" : {
      "Action" : 10,
      "Text" : "[1;5D"
    },
    "0xf704-0x20000" : {
      "Action" : 10,
      "Text" : "[1;2P"
    }
  },
  "Window Type" : 0,
  "Background Image Location" : "",
  "Blur" : false,
  "Badge Color" : {
    "Red Component" : 1,
    "Color Space" : "sRGB",
    "Blue Component" : 0,
    "Alpha Component" : 0.5,
    "Green Component" : 0.1491314172744751
  },
  "Initial Text" : "source ~\/.bash_profile;clear",
  "Scrollback Lines" : 1000,
  "Allow Title Setting" : false,
  "Send Code When Idle" : false,
  "Close Sessions On End" : true,
  "Terminal Type" : "xterm-256color",
  "Visual Bell" : true,
  "Flashing Bell" : false,
  "Silence Bell" : false,
  "Ansi 14 Color" : {
    "Green Component" : 0.87742972373962402,
    "Blue Component" : 0.76850813627243042,
    "Red Component" : 0.00071493309224024415
  },
  "Name" : "axel_iterm2",
  "Cursor Text Color" : {
    "Green Component" : 0.088036753237247467,
    "Blue Component" : 0.063514590263366699,
    "Red Component" : 0.057125639170408249
  },
  "Minimum Contrast" : 0,
  "Shortcut" : "",
  "Cursor Color" : {
    "Green Component" : 0.97969973087310791,
    "Blue Component" : 0.56859564781188965,
    "Red Component" : 0.45111823081970215
  },
  "Ansi 0 Color" : {
    "Green Component" : 0.14950284361839294,
    "Blue Component" : 0.085725627839565277,
    "Red Component" : 0.068206258118152618
  },
  "Guid" : "09EADE43-AA81-414B-9AFB-E54C93186992",